Workbook

Sheet Sheet1
A1: strategy | B1: direction | C1: kpi | D1: department | E1: vision | F1: unit | G1: OVERVIEW | H1: visionID | I1: strategyID | J1: departmentID | K1: unitID
A2: دسترس پذیری بهینه کالاها | B2: صعودي | C2: کیفیت موجودی | D2: زنجیره تامین | E2: فرآیندهای داخلی | F2: درصد | G2: G1 | H2: =VLOOKUP(E2,منظر!A:B,2,0) -> V001 | I2: =VLOOKUP(A2,استراتژی!A:B,2,0) -> S001 | J2: =VLOOKUP(D2,دپارتمان!A:B,2,0) -> D001 | K2: =VLOOKUP(F2,'واحد سنجش'!A:B,2,0) -> U001
A3: بهینه سازی هزینه ها | B3: تثبيتي | C3: رفاهیات | D3: منابع انسانی | E3: فرآیندهای داخلی | F3: میلیون ریال | G3: G10 | H3: =VLOOKUP(E3,منظر!A:B,2,0) -> V001 | I3: =VLOOKUP(A3,استراتژی!A:B,2,0) -> S002 | J3: =VLOOKUP(D3,دپارتمان!A:B,2,0) -> D002 | K3: =VLOOKUP(F3,'واحد سنجش'!A:B,2,0) -> U002
A4: افزایش سهم بازار | B4: صعودي | C4: Acquisition (درصد جذب مشتریان) | D4: بازاریابی | E4: مشتری | F4: درصد | G4: G1001 | H4: =VLOOKUP(E4,منظر!A:B,2,0) -> V002 | I4: =VLOOKUP(A4,استراتژی!A:B,2,0) -> S003 | J4: =VLOOKUP(D4,دپارتمان!A:B,2,0) -> D003 | K4: =VLOOKUP(F4,'واحد سنجش'!A:B,2,0) -> U001
A5: بهبود تجربه مشتری | B5: صعودي | C5: NPS | D5: بازاریابی | E5: مشتری | F5: درصد | G5: G1002 | H5: =VLOOKUP(E5,منظر!A:B,2,0) -> V002 | I5: =VLOOKUP(A5,استراتژی!A:B,2,0) -> S004 | J5: =VLOOKUP(D5,دپارتمان!A:B,2,0) -> D003 | K5: =VLOOKUP(F5,'واحد سنجش'!A:B,2,0) -> U001
A6: بهبود تجربه مشتری | B6: صعودي | C6: Retention (درصد نگهداشت مشتریان) | D6: بازاریابی | E6: مشتری | F6: درصد | G6: G1003 | H6: =VLOOKUP(E6,منظر!A:B,2,0) -> V002 | I6: =VLOOKUP(A6,استراتژی!A:B,2,0) -> S004 | J6: =VLOOKUP(D6,دپارتمان!A:B,2,0) -> D003 | K6: =VLOOKUP(F6,'واحد سنجش'!A:B,2,0) -> U001
A7: بهبود تجربه مشتری | B7: صعودي | C7: ادراک مشتری از کامل بودن سبد | D7: بازاریابی | E7: مشتری | F7: درصد | G7: G1004 | H7: =VLOOKUP(E7,منظر!A:B,2,0) -> V002 | I7: =VLOOKUP(A7,استراتژی!A:B,2,0) -> S004 | J7: =VLOOKUP(D7,دپارتمان!A:B,2,0) -> D003 | K7: =VLOOKUP(F7,'واحد سنجش'!A:B,2,0) -> U001
A8: افزایش سهم بازار | B8: صعودي | C8: درصد رشد متوسط ریالی خرید مشتریان وفادار نسبت به دوره قبل | D8: بازاریابی | E8: مشتری | F8: درصد | G8: G1005 | H8: =VLOOKUP(E8,منظر!A:B,2,0) -> V002 | I8: =VLOOKUP(A8,استراتژی!A:B,2,0) -> S003 | J8: =VLOOKUP(D8,دپارتمان!A:B,2,0) -> D003 | K8: =VLOOKUP(F8,'واحد سنجش'!A:B,2,0) -> U001
A9: بهبود تصویر برند | B9: صعودي | C9: درصد مقبولیت برند افق در ذهن مخاطبین | D9: بازاریابی | E9: مشتری | F9: عدد | G9: G1006 | H9: =VLOOKUP(E9,منظر!A:B,2,0) -> V002 | I9: =VLOOKUP(A9,استراتژی!A:B,2,0) -> S005 | J9: =VLOOKUP(D9,دپارتمان!A:B,2,0) -> D003 | K9: =VLOOKUP(F9,'واحد سنجش'!A:B,2,0) -> U003
A10: بهبود تجربه مشتری | B10: صعودي | C10: رضایت مشتری | D10: بازاریابی | E10: مشتری | F10: درصد | G10: G1007 | H10: =VLOOKUP(E10,منظر!A:B,2,0) -> V002 | I10: =VLOOKUP(A10,استراتژی!A:B,2,0) -> S004 | J10: =VLOOKUP(D10,دپارتمان!A:B,2,0) -> D003 | K10: =VLOOKUP(F10,'واحد سنجش'!A:B,2,0) -> U001
A11: بهبود تجربه مشتری | B11: صعودي | C11: کیفیت پاسخ گویی به مشتریان | D11: بازاریابی | E11: مشتری | F11: عدد | G11: G1008 | H11: =VLOOKUP(E11,منظر!A:B,2,0) -> V002 | I11: =VLOOKUP(A11,استراتژی!A:B,2,0) -> S004 | J11: =VLOOKUP(D11,دپارتمان!A:B,2,0) -> D003 | K11: =VLOOKUP(F11,'واحد سنجش'!A:B,2,0) -> U003
A12: بهبود تجربه مشتری | B12: صعودي | C12: کیفیت فضای فروشگاه | D12: بازاریابی | E12: مشتری | F12: عدد | G12: G1009 | H12: =VLOOKUP(E12,منظر!A:B,2,0) -> V002 | I12: =VLOOKUP(A12,استراتژی!A:B,2,0) -> S004 | J12: =VLOOKUP(D12,دپارتمان!A:B,2,0) -> D003 | K12: =VLOOKUP(F12,'واحد سنجش'!A:B,2,0) -> U003
A13: افزایش سهم بازار | B13: صعودي | C13: متوسط تعداد اقلام فاکتور | D13: بازاریابی | E13: مشتری | F13: عدد | G13: G1010 | H13: =VLOOKUP(E13,منظر!A:B,2,0) -> V002 | I13: =VLOOKUP(A13,استراتژی!A:B,2,0) -> S003 | J13: =VLOOKUP(D13,دپارتمان!A:B,2,0) -> D003 | K13: =VLOOKUP(F13,'واحد سنجش'!A:B,2,0) -> U003
... A281: بهینه سازی هزینه ها | B281: تثبيتي | C281: شورت پیک و مرجوعی | D281: عملیات زنجیره تامین | E281: فرآیندهای داخلی | F281: دقیقه | G281: G1777 | H281: =VLOOKUP(E281,منظر!A:B,2,0) -> V001 | I281: =VLOOKUP(A281,استراتژی!A:B,2,0) -> S002 | J281: =VLOOKUP(D281,دپارتمان!A:B,2,0) -> D007 | K281: =VLOOKUP(F281,'واحد سنجش'!A:B,2,0) -> U010

Sheet منظر
A1: vision | B1: visionID
A2: فرآیندهای داخلی | B2: V001
A3: مشتری | B3: V002
A4: رشد و یادگیری | B4: V003
A5: مالی | B5: V004

Sheet استراتژی
A1: strategy | B1: strategyID
A2: دسترس پذیری بهینه کالاها | B2: S001
A3: بهینه سازی هزینه ها | B3: S002
A4: افزایش سهم بازار | B4: S003
A5: بهبود تجربه مشتری | B5: S004
A6: بهبود تصویر برند | B6: S005
A7: بهبود سیستم و تکنولوژی | B7: S006
A8: بهره وری | B8: S007
A9: درآمدهای عملیاتی | B9: S008
A10: بهبود رابطه با ذینفعان | B10: S009
A11: داده محور شدن سازمان | B11: S010
A12: درآمدهای سرمایه گذاری | B12: S011
... A19: افزایش دسترس پذیری | B19: S018

Sheet دپارتمان
A1: department | B1: departmentID
A2: زنجیره تامین | B2: D001
A3: منابع انسانی | B3: D002
A4: بازاریابی | B4: D003
A5: زیرساخت | B5: D004
A6: مالی | B6: D005
A7: شرکت | B7: D006
A8: عملیات زنجیره تامین | B8: D007
A9: فروش سازمانی | B9: D008
A10: بازرگانی | B10: D009
A11: مناطق | B11: D010
A12: توسعه فرانچایز | B12: D011
... A18: حقوقی | B18: D017

Sheet واحد سنجش
A1: unit | B1: unitID
A2: درصد | B2: U001
A3: میلیون ریال | B3: U002
A4: عدد | B4: U003
A5: میلیارد ریال | B5: U004
A6: میلیون تومان | B6: U005
A7: ساعت | B7: U006
A8: تن | B8: U007
A9: میلیارد تومان | B9: U008
A10: روز | B10: U009
A11: دقیقه | B11: U010
A12: کیلووات ساعت | B12: U011
... A14: نفر ساعت | B14: U013
